Sample,HLA_A_1,HLA_A_2,HLA_B_1,HLA_B_2,HLA_C_1,HLA_C_2,HLA_DPA1_1,HLA_DPA1_2,HLA_DPB1_1,HLA_DPB1_2,HLA_DQA1_1,HLA_DQA1_2,HLA_DQB1_1,HLA_DQB1_2,HLA_DRB1_1,HLA_DRB1_2
NA12718,A*11:01:01G,A*03:01:01G,B*07:02:01G,B*44:03:01G,C*07:02:01G,C*04:01:01G,DPA1*02:01:01G,DPA1*02:01:01G,DPB1*11:01:01G,DPB1*11:01:01G,DQA1*02:01:01G,DQA1*04:01:01G,DQB1*04:02:01G,DQB1*02:01:01G,DRB1*07:01:01G,DRB1*08:01:01G
NA12748,A*02:01:01G,A*02:01:01G,B*44:02:01G,B*14:01:01G,C*08:02:01G,C*05:01:01G,DPA1*01:03:01G,DPA1*01:03:01G,DPB1*04:01:01G,DPB1*04:01:01G,DQA1*02:01:01G,DQA1*03:01:01G,DQB1*03:02:01G,DQB1*02:01:01G,DRB1*04:01:01G,DRB1*07:01:01G
NA12775,A*29:02:01G,A*02:01:01G,B*40:01:01G,B*44:03:01G,C*16:01:01G,C*03:04:01G,DPA1*02:01:01G,DPA1*02:02:02G,DPB1*19:01:01G,DPB1*11:01:01G,DQA1*01:02:01G,DQA1*02:01:01G,DQB1*06:04:01G,DQB1*02:01:01G,DRB1*07:01:01G,DRB1*13:02:01G
NA12777,A*03:01:01G,A*23:01:01G,B*07:02:01G,B*44:03:01G,C*04:01:01G,C*07:02:01G,DPA1*01:03:01G,DPA1*01:03:01G,DPB1*04:01:01G,DPB1*65:01:01,DQA1*02:01:01G,DQA1*03:01:01G,DQB1*02:01:01G,DQB1*03:01:01G,DRB1*07:01:01G,DRB1*04:07:01G
NA12778,A*02:01:01G,A*02:01:01G,B*40:01:01G,B*27:05:02G,C*03:04:01G,C*02:02:02G,DPA1*01:03:01G,DPA1*02:02:02G,DPB1*04:02:01G,DPB1*05:01:01G,DQA1*03:01:01G,DQA1*03:01:01G,DQB1*03:02:01G,DQB1*03:02:01G,DRB1*04:04:01G,DRB1*04:04:01G
NA12827,A*01:01:01G,A*02:01:01G,B*35:41,B*37:01:01G,C*04:01:01G,C*06:02:01G,DPA1*01:03:01G,DPA1*01:03:01G,DPB1*04:01:01G,DPB1*04:01:01G,DQA1*01:01:01G,DQA1*01:01:01G,DQB1*05:01:01G,DQB1*05:01:01G,DRB1*10:01:01G,DRB1*01:03:01G
NA12829,A*24:02:01G,A*02:01:01G,B*44:02:01G,B*07:02:01G,C*07:02:01G,C*05:01:01G,DPA1*01:03:01G,DPA1*02:01:01G,DPB1*02:01:02G,DPB1*09:01:01G,DQA1*01:02:01G,DQA1*01:01:01G,DQB1*05:03:01G,DQB1*06:02:01G,DRB1*15:01:01G,DRB1*14:01:01G
NA12842,A*11:01:01G,A*01:01:01G,B*08:01:01G,B*40:01:01G,C*03:04:01G,C*07:01:01G,DPA1*01:03:01G,DPA1*02:01:02G,DPB1*01:01:01G,DPB1*04:01:01G,DQA1*01:01:01G,DQA1*05:01:01G,DQB1*02:01:01G,DQB1*05:03:01G,DRB1*14:01:01G,DRB1*03:01:01G
NA12843,A*03:01:01G,A*03:01:01G,B*07:02:01G,B*07:02:01G,C*07:02:01G,C*07:02:01G,DPA1*01:03:01G,DPA1*01:03:01G,DPB1*04:01:01G,DPB1*04:01:01G,DQA1*01:02:01G,DQA1*05:01:01G,DQB1*02:01:01G,DQB1*06:02:01G,DRB1*03:01:01G,DRB1*15:01:01G
NA12889,A*03:01:01G,A*03:01:01G,B*07:02:01G,B*44:02:01G,C*07:02:01G,C*05:01:01G,DPA1*01:03:01G,DPA1*01:03:01G,DPB1*04:01:01G,DPB1*04:01:01G,DQA1*01:02:01G,DQA1*03:01:01G,DQB1*03:01:01G,DQB1*06:02:01G,DRB1*04:01:01G,DRB1*15:01:01G
NA12890,A*03:01:01G,A*02:01:01G,B*44:03:01G,B*15:01:01G,C*16:01:01G,C*03:04:01G,DPA1*01:03:01G,DPA1*01:03:01G,DPB1*04:01:01G,DPB1*04:02:01G,DQA1*02:01:01G,DQA1*03:01:01G,DQB1*03:02:01G,DQB1*02:01:01G,DRB1*04:01:01G,DRB1*07:01:01G
NA18488,A*02:01:01G,A*30:01:01G,B*42:01:01G,B*44:03:01G,C*04:01:01G,C*17:01:01G,DPA1*01:03:01G,DPA1*02:01:01G,DPB1*03:01:01G,DPB1*01:01:01G,DQA1*01:02:01G,DQA1*05:01:01G,DQB1*02:01:01G,DQB1*06:02:01G,DRB1*15:03:01G,DRB1*03:01:01G
